,moz_top500
0,www.google.com
1,youtube.com
2,apple.com
3,cloudflare.com
4,play.google.com
5,support.google.com
6,www.blogger.com
7,microsoft.com
8,en.wikipedia.org
9,wordpress.org
10,docs.google.com
11,mozilla.org
12,youtu.be
13,maps.google.com
14,linkedin.com
15,europa.eu
16,googleusercontent.com
17,sites.google.com
18,drive.google.com
19,vimeo.com
20,accounts.google.com
21,adobe.com
22,plus.google.com
23,es.wikipedia.org
24,amazon.com
25,pt.wikipedia.org
26,uol.com.br
27,cnn.com
28,bbc.co.uk
29,vk.com
30,facebook.com
31,bp.blogspot.com
32,line.me
33,istockphoto.com
34,github.com
35,www.yahoo.com
36,wikimedia.org
37,forbes.com
38,msn.com
39,creativecommons.org
40,brandbucket.com
41,imdb.com
42,dropbox.com
43,google.co.jp
44,google.de
45,live.com
46,bbc.com
47,myspace.com
48,mail.ru
49,jimdofree.com
50,reuters.com
51,theguardian.com
52,medium.com
53,google.es
54,mail.google.com
55,news.google.com
56,dailymotion.com
57,w3.org
58,t.me
59,www.weebly.com
60,feedburner.com
61,whatsapp.com
62,fr.wikipedia.org
63,policies.google.com
64,hugedomains.com
65,abril.com.br
66,developers.google.com
67,issuu.com
68,google.com.br
69,slideshare.net
70,nih.gov
71,nytimes.com
72,globo.com
73,opera.com
74,paypal.com
75,gstatic.com
76,get.google.com
77,who.int
78,latimes.com
79,steampowered.com
80,bit.ly
81,www.gov.uk
82,news.yahoo.com
83,cdc.gov
84,wikia.com
85,apache.org
86,un.org
87,nasa.gov
88,twitter.com
89,books.google.com
90,aboutads.info
91,time.com
92,webmd.com
93,fandom.com
94,google.it
95,draft.blogger.com
96,rakuten.co.jp
97,change.org
98,tools.google.com
99,myaccount.google.com
100,dailymail.co.uk
101,buydomains.com
102,translate.google.com
103,google.co.uk
104,independent.co.uk
105,thesun.co.uk
106,booking.com
107,networkadvertising.org
108,cpanel.com
109,hatena.ne.jp
110,pinterest.com
111,telegraph.co.uk
112,ebay.com
113,cpanel.net
114,archive.org
115,washingtonpost.com
116,gravatar.com
117,marketingplatform.google.com
118,de.wikipedia.org
119,plesk.com
120,search.google.com
121,namecheap.com
122,wired.com
123,files.wordpress.com
124,mediafire.com
125,fb.com
126,google.pl
127,aol.com
128,android.com
129,picasaweb.google.com
130,dan.com
131,abcnews.go.com
132,telegram.me
133,it.wikipedia.org
134,wsj.com
135,google.fr
136,youronlinechoices.com
137,scribd.com
138,usatoday.com
139,goo.gl
140,lefigaro.fr
141,samsung.com
142,terra.com.br
143,amazon.co.jp
144,id.wikipedia.org
145,huffpost.com
146,huffingtonpost.com
147,cnet.com
148,ig.com.br
149,office.com
150,businessinsider.com
151,wa.me
152,4shared.com
153,bloomberg.com
154,ok.ru
155,amazon.de
156,harvard.edu
157,amazon.co.uk
158,photos.google.com
159,aliexpress.com
160,elpais.com
161,foxnews.com
162,tinyurl.com
163,google.ru
164,twitch.tv
165,academia.edu
166,rambler.ru
167,stanford.edu
168,wikihow.com
169,eventbrite.com
170,disney.com
171,surveymonkey.com
172,welt.de
173,wiley.com
174,pl.wikipedia.org
175,indiatimes.com
176,nginx.com
177,cbc.ca
178,spotify.com
179,xbox.com
180,deezer.com
181,google.ca
182,alibaba.com
183,mega.nz
184,usnews.com
185,icann.org
186,picasa.google.com
187,enable-javascript.com
188,themeforest.net
189,imageshack.com
190,lemonde.fr
191,ziddu.com
192,sedo.com
193,sciencedaily.com
194,netflix.com
195,storage.googleapis.com
196,sputniknews.com
197,theatlantic.com
198,php.net
199,imageshack.us
200,loc.gov
201,disqus.com
202,news.com.au
203,goodreads.com
204,repubblica.it
205,photobucket.com
206,lycos.com
207,forms.gle
208,qq.com
209,ikea.com
210,ea.com
211,trustpilot.com
212,biglobe.ne.jp
213,clickbank.net
214,cambridge.org
215,mirror.co.uk
216,allaboutcookies.org
217,abc.net.au
218,ign.com
219,walmart.com
220,ipv4.google.com
221,bandcamp.com
222,m.wikipedia.org
223,nikkei.com
224,depositfiles.com
225,wp.com
226,stackoverflow.com
227,oup.com
228,amazon.es
229,ietf.org
230,hp.com
231,secureserver.net
232,bund.de
233,metro.co.uk
234,techcrunch.com
235,buzzfeed.com
236,britannica.com
237,yahoo.co.jp
238,cornell.edu
239,gofundme.com
240,ft.com
241,alexa.com
242,ytimg.com
243,npr.org
244,kickstarter.com
245,abc.es
246,columbia.edu
247,google.nl
248,shutterstock.com
249,unesco.org
250,my.yahoo.com
251,instagram.com
252,urbandictionary.com
253,bloglovin.com
254,researchgate.net
255,umich.edu
256,chicagotribune.com
257,google.com.tw
258,list-manage.com
259,ted.com
260,psychologytoday.com
261,playstation.com
262,privacyshield.gov
263,ggpht.com
264,pixabay.com
265,ovh.com
266,yandex.ru
267,dw.com
268,addtoany.com
269,code.google.com
270,groups.google.com
271,quora.com
272,gizmodo.com
273,instructables.com
274,weibo.com
275,nypost.com
276,rottentomatoes.com
277,discord.com
278,huawei.com
279,mozilla.com
280,noaa.gov
281,netvibes.com
282,google.co.in
283,economist.com
284,ovh.net
285,sapo.pt
286,nydailynews.com
287,newsweek.com
288,ibm.com
289,fda.gov
290,hm.com
291,addthis.com
292,ovh.co.uk
293,nginx.org
294,guardian.co.uk
295,ria.ru
296,gnu.org
297,cbsnews.com
298,www.wix.com
299,asus.com
300,yelp.com
301,amazon.fr
302,20minutos.es
303,search.yahoo.com
304,discord.gg
305,ja.wikipedia.org
306,espn.com
307,doubleclick.net
308,naver.com
309,google.co.id
310,shopify.com
311,express.co.uk
312,digg.com
313,bitly.com
314,mit.edu
315,t.co
316,pbs.org
317,sciencedirect.com
318,sciencemag.org
319,engadget.com
320,soundcloud.com
321,tripadvisor.com
322,blackberry.com
323,oracle.com
324,nbcnews.com
325,smh.com.au
326,mashable.com
327,gmail.com
328,bing.com
329,thetimes.co.uk
330,www.wikipedia.org
331,berkeley.edu
332,sfgate.com
333,ca.gov
334,adssettings.google.com
335,afternic.com
336,washington.edu
337,akamaihd.net
338,whitehouse.gov
339,nationalgeographic.com
340,spiegel.de
341,rapidshare.com
342,e-monsite.com
343,detik.com
344,finance.yahoo.com
345,box.com
346,rt.com
347,elmundo.es
348,nature.com
349,cnbc.com
350,godaddy.com
351,sendspace.com
352,theverge.com
353,about.com
354,mysql.com
355,variety.com
356,ru.wikipedia.org
357,googleblog.com
358,www.over-blog.com
359,yadi.sk
360,zendesk.com
361,arxiv.org
362,www.livejournal.com
363,utexas.edu
364,nvidia.com
365,fastcompany.com
366,biblegateway.com
367,sina.com.cn
368,princeton.edu
369,so-net.ne.jp
370,techradar.com
371,corriere.it
372,axs.com
373,merriam-webster.com
374,ap.org
375,airbnb.com
376,venturebeat.com
377,softpedia.com
378,unicef.org
379,nicovideo.jp
380,politico.com
381,nokia.com
382,dictionary.com
383,evernote.com
384,soratemplates.com
385,fortune.com
386,etsy.com
387,thenextweb.com
388,khanacademy.org
389,canva.com
390,statista.com
391,pcmag.com
392,cmu.edu
393,last.fm
394,si.edu
395,google.com.au
396,eonline.com
397,timeout.com
398,orange.fr
399,softonic.com
400,debian.org
401,ftc.gov
402,prestashop.com
403,teamviewer.com
404,orkut.com.br
405,dreniq.com
406,sky.com
407,amzn.to
408,example.com
409,archives.gov
410,jhu.edu
411,pinterest.co.uk
412,mail.yahoo.com
413,vice.com
414,salon.com
415,state.gov
416,cbslocal.com
417,intel.com
418,lonelyplanet.com
419,weather.com
420,netlify.app
421,over-blog-kiwi.com
422,marketwatch.com
423,iso.org
424,freepik.com
425,hollywoodreporter.com
426,goo.ne.jp
427,bp2.blogger.com
428,fb.me
429,excite.co.jp
430,stuff.co.nz
431,liveinternet.ru
432,reverbnation.com
433,digitaltrends.com
434,howstuffworks.com
435,amazon.in
436,com.com
437,thoughtco.com
438,upenn.edu
439,billboard.com
440,dreamstime.com
441,scoop.it
442,gooyaabitemplates.com
443,lifehacker.com
444,hbr.org
445,ucoz.ru
446,jstor.org
447,go.co
448,usgs.gov
449,calameo.com
450,prnewswire.com
451,yale.edu
452,dot.tk
453,en.wordpress.com
454,amazon.ca
455,ebay.co.uk
456,histats.com
457,theglobeandmail.com
458,unsplash.com
459,boston.com
460,home.neustar
461,eff.org
462,thefreedictionary.com
463,fifa.com
464,kinja.com
465,storage.canalblog.com
466,nba.com
467,narod.ru
468,redhat.com
469,sports.yahoo.com
470,canada.ca
471,viglink.com
472,daum.net
473,livescience.com
474,searchenginejournal.com
475,prezi.com
476,feedproxy.google.com
477,skype.com
478,vkontakte.ru
479,pexels.com
480,video.google.com
481,groups.yahoo.com
482,uiuc.edu
483,espn.go.com
484,naver.jp
485,ubuntu.com
486,offset.com
487,blog.fc2.com
488,springer.com
489,snapchat.com
490,elsevier.com
491,parallels.com
492,epa.gov
493,sony.com
494,ieee.org
495,irs.gov
496,scientificamerican.com
497,adweek.com
498,psu.edu
499,steamcommunity.com
