,science-and-education,community-and-society,finance,hobbies-and-leisure,reference-materials,business-and-consumer-services,vehicles,pets-and-animals,health,jobs-and-career,computers-electronics-and-technology,lifestyle,law-and-government,games,adult,sports,travel-and-tourism,food-and-drink,gambling,arts-and-entertainment,heavy-industry-and-engineering,home-and-garden,e-commerce-and-shopping,news-and-media,all
1,weather.com,jw.org,paypal.com,shutterstock.com,wikipedia.org,canadapost-postescanada.ca,drom.ru,chewy.com,booking.com,indeed.com,google.com,shein.com,gov.uk,twitch.tv,xvideos.com,espn.com,booking.com,trilltrill.jp,bet365.com,youtube.com,edf.fr,homedepot.com,amazon.com,yahoo.com,google.com
2,accuweather.com,livehdcams.com,binance.com,flickr.com,quora.com,zillow.com,motorbiscuit.com,petfinder.com,tripadvisor.com,jooble.org,facebook.com,linktr.ee,irs.gov,roblox.com,xnxx.com,cricbuzz.com,tripadvisor.com,cookpad.com,eshkol.io,netflix.com,grainger.com,ikea.com,ebay.com,yahoo.co.jp,youtube.com
3,brainly.co.id,tinder.com,coinmarketcap.com,ancestry.com,worldometers.info,usps.com,auto.ru,ironsource.mobi,uber.com,glassdoor.com,twitter.com,nike.com,service.gov.uk,chess.com,pornhub.com,marca.com,uber.com,tabelog.com,caliente.mx,fandom.com,archdaily.com,lowes.com,amazon.co.jp,naver.com,facebook.com
4,blackboard.com,badoo.com,tradingview.com,istockphoto.com,deepl.com,ups.com,autohome.com.cn,petco.com,airbnb.com,hh.ru,instagram.com,hm.com,cowin.gov.in,app.link,xhamster.com,as.com,airbnb.com,allrecipes.com,bet9ja.com,bilibili.com,qcc.com,goodhousekeeping.com,rakuten.co.jp,qq.com,twitter.com
5,gismeteo.ru,biblegateway.com,chase.com,pixabay.com,reverso.net,tsyndicate.com,cargurus.com,wamiz.com,expedia.com,myworkdayjobs.com,baidu.com,asos.com,turkiye.gov.tr,gamewith.jp,jerkmate.com,livescore.com,expedia.com,hotpepper.jp,xosodaiphat.com,imdb.com,skyscrapercity.com,thespruce.com,amazon.de,globo.com,instagram.com
6,quizlet.com,legacy.com,investing.com,unsplash.com,yelp.com,fedex.com,mobile.de,petsmart.com,vrbo.com,ziprecruiter.com,yandex.ru,macys.com,gosuslugi.ru,steampowered.com,realsrv.com,mlb.com,vrbo.com,doordash.com,pesoaniz.com,archiveofourown.org,nonghyup.com,overstock.com,aliexpress.com,msn.com,wikipedia.org
7,researchgate.net,bible.com,intuit.com,pexels.com,sciencedirect.com,realtor.com,drive2.ru,flygame.io,jalan.net,taleo.net,whatsapp.com,zara.com,dpboss.net,steamcommunity.com,bongacams.com,espncricinfo.com,jalan.net,journaldesfemmes.fr,freebitco.in,spotify.com,procore.com,leroymerlin.fr,amazon.co.uk,news.yahoo.co.jp,baidu.com
8,schoology.com,match.com,wellsfargo.com,dreamstime.com,eksisozluk.com,myshopify.com,carfax.com,thesprucepets.com,southwest.com,pole-emploi.fr,zoom.us,uniqlo.com,sp.gov.br,game8.jp,stripchat.com,sports.yahoo.com,southwest.com,giallozafferano.it,netkeiba.com,hotstar.com,pge.com,diy.com,walmart.com,bbc.co.uk,yahoo.com
9,eba.gov.tr,pof.com,bankofamerica.com,furaffinity.net,cheatsheet.com,rs6.net,autotrader.co.uk,akc.org,aa.com,ultipro.com,live.com,gap.com,canada.ca,5ch.net,chaturbate.com,hupu.com,aa.com,ubereats.com,verajohn.com,disneyplus.com,cpfl.com.br,screwfix.com,etsy.com,uol.com.br,yandex.ru
10,clever.com,churchofjesuschrist.org,accesstra.de,detik.net.id,wikihow.com,rightmove.co.uk,windy.com,racingpost.com,marriott.com,naukri.com,reddit.com,sephora.com,correios.com.br,douyu.com,xvideos3.com,cbssports.com,marriott.com,tudogostoso.com.br,jra.go.jp,worldstar.com,mcmaster.com,harborfreight.com,craigslist.org,cnn.com,xvideos.com
11,quizizz.com,famousbirthdays.com,etoro.com,depositphotos.com,wordreference.com,narvar.com,carview.co.jp,edh.tw,hotels.com,moviesverse.org,office.com,elle.com,noticiasconcursos.com.br,lichess.org,xvideos2.com,sports.yahoo.co.jp,hotels.com,marmiton.org,flashscore.mobi,pixiv.net,mosenergosbyt.ru,homedepot.ca,taobao.com,news.google.com,whatsapp.com
12,goodreads.com,islamweb.net,capitalone.com,derstandard.at,wikimedia.org,dhl.de,autoevolution.com,91mitang.com,eastday.com,seek.com.au,vk.com,stockx.com,ny.gov,ign.com,visitstats.com,kooora.com,eastday.com,ichi-oshi.jp,xoso.com.vn,hulu.com,regione.veneto.it,menards.com,ebay.co.uk,bbc.com,zoom.us
13,brainly.com.br,fotostrana.ru,fidelity.com,123rf.com,dictionary.cambridge.org,redfin.com,cars.com,expertoanimal.com,navitime.co.jp,vagas.com.br,linkedin.com,zozo.jp,japanpost.jp,kahoot.it,spankbang.com,goal.com,navitime.co.jp,chefkoch.de,national-lottery.co.uk,syosetu.com,tepco.co.jp,wayfair.co.uk,amazon.in,nytimes.com,amazon.com
14,bbcollab.com,bakecaincontrii.com,coinbase.com,imagetwist.com,maps.google.com,qualtrics.com,carsensor.net,geny.com,agoda.com,successfactors.eu,discord.com,nordstrom.com,acesso.gov.br,discordapp.com,xhamsterlive.com,nbcsports.com,agoda.com,tesco.com,minhngoc.net.vn,primevideo.com,104.ua,houzz.com,mercadolivre.com.br,sohu.com,xnxx.com
15,brainly.lat,550909.com,coingecko.com,familysearch.org,wiktionary.org,mynavi.jp,autotrader.com,adoptapet.com,priceline.com,infojobs.com.br,pinterest.com,beauty.hotpepper.jp,meb.gov.tr,zowinvn.vip,onlyfans.com,wplay.co,priceline.com,kroger.com,laroza.net,wattpad.com,duke-energy.com,leroymerlin.ru,avito.ru,dailymail.co.uk,live.com
16,udemy.com,okcupid.com,marketwatch.com,gettyimages.com,britannica.com,impress.co.jp,caranddriver.com,pets4homes.co.uk,delta.com,gupy.io,tiktok.com,myntra.com,gov.br,op.gg,livejasmin.com,championat.com,delta.com,safeentry-qr.gov.sg,dollarsurvey.org,manganelo.com,indianoil.in,manomano.fr,pinduoduo.com,theguardian.com,netflix.com
17,weather.yahoo.co.jp,happymail.co.jp,creditkarma.com,myheritage.com,merriam-webster.com,docusign.net,autozone.com,nap-camp.com,kayak.com,csod.com,microsoft.com,ulta.com,europa.eu,huya.com,youporn.com,premierleague.com,kayak.com,dominos.com,ojogodobicho.com,nicovideo.jp,hikkoshi-tetsuzuki.com,bunnings.com.au,ebay.de,livedoor.jp,yahoo.co.jp
18,librus.pl,biblehub.com,adp.com,alamy.com,thesaurus.com,trulia.com,goo-net.com,shad.ir,tutu.ru,townwork.net,bing.com,next.co.uk,mos.ru,playstation.com,xvideos-cdn.com,gazzetta.it,tutu.ru,thespruceeats.com,betking.com,dailymotion.com,engie.fr,obi.de,trendyol.com,finance.yahoo.com,pornhub.com
19,cambridge.org,live-wish.co,iqbroker.com,hobbylobby.com,yourdictionary.com,gls-pakete.de,formula1.com,55zb.net,travel.rakuten.co.jp,104.com.tw,mail.ru,xiaohongshu.com,gob.mx,pch.com,dmm.co.jp,so3ody.com,travel.rakuten.co.jp,asda.com,jra.jp,animeflv.net,regione.piemonte.it,acehardware.com,amazon.fr,foxnews.com,reddit.com
20,scribd.com,islamicfinder.org,investopedia.com,cabelas.com,map.baidu.com,apartments.com,flightradar24.com,rover.com,telex.hu,computrabajo.com.co,duckduckgo.com,vinted.fr,impots.gouv.fr,epicgames.com,xhamster.desi,lequipe.fr,telex.hu,foodnetwork.com,sportradar.com,fanfiction.net,sce.com,wayfair.ca,amazon.it,definition.org,office.com
21,brainly.in,jwpub.org,robinhood.com,buzzfun.me,urbandictionary.com,springer.com,auto.drom.ru,petz.com.br,tinyurl.is,thebalancecareers.com,microsoftonline.com,marksandspencer.com,argentina.gob.ar,gamer.com.tw,nhentai.net,247sports.com,tinyurl.is,nefisyemektarifleri.com,nesine.com,xfinity.com,solarweb.com,dunelm.com,allegro.pl,wp.pl,vk.com
22,grammarly.com,islamqa.info,covid19india.org,ravelry.com,map.naver.com,realestate.com.au,kbb.com,racing.hkjc.com,hilton.com,rikunabi.com,google.com.br,victoriassecret.com,royalmail.com,gamespot.com,vlxx.xyz,varzesh3.com,hilton.com,otzovik.com,intelligenceadx.com,douban.com,shell.com,hgtv.com,target.com,news.yahoo.com,linkedin.com
23,duolingo.com,horoscope.com,americanexpress.com,imgsrc.ru,thefreedictionary.com,shopify.com,motorsport.com,thedodo.com,united.com,arbeitsagentur.de,samsung.com,jcpenney.com,jusbrasil.com.br,linkkf.app,redwap.me,nikkansports.com,united.com,tasteofhome.com,xsmn.me,soundcloud.com,ruralking.com,vseinstrumenti.ru,flipkart.com,hurriyet.com.tr,discord.com
24,yt1s.com,findagrave.com,moneycontrol.com,huaban.com,weblio.jp,service-now.com,rockauto.com,lockercodes.io,ctrip.com,brassring.com,docomo.ne.jp,byrdie.com,sarkariresult.com,mihoyo.com,redtube.com,yr.no,ctrip.com,macaro-ni.jp,fmv9kweoe06r.com,aparat.com,eonenergy.com,nitori-net.jp,jd.com,onet.pl,pinterest.com
25,index-education.net,love.mail.ru,alipay.com,alltrails.com,2gis.ru,dhl.com,carmax.com,vcahospitals.com,4movierulz.ph,jobrapido.com,ok.ru,nordstromrack.com,anses.gob.ar,answers.yahoo.com,daftsex.com,skysports.com,4movierulz.ph,kurashiru.com,bovada.lv,dcinside.com,hpcl.co.in,wickes.co.uk,amazon.ca,kompas.com,xhamster.com
26,sinoptik.ua,secretbenefits.com,credit-agricole.fr,dpreview.com,meteofrance.com,business.site,yiche.com,petmd.com,tripadvisor.co.uk,wal-mart.com,zhihu.com,elo7.com.br,mhlw.go.jp,nga.cn,xvideos.es,flashscore.com,tripadvisor.co.uk,bbcgoodfood.com,bs.to,twimg.com,regione.toscana.it,homeadvisor.com,leboncoin.fr,indiatimes.com,twitch.tv
27,archive.org,diyanet.gov.tr,ameritrade.com,geneanet.org,pinterest.ph,kuronekoyamato.co.jp,advanceautoparts.com,vetrf.ru,tripadvisor.co.nz,infojobs.net,sharepoint.com,zalando.de,sat.gob.mx,livezombymil.com,sorryfearknockout.com,bolavip.com,tripadvisor.co.nz,grubhub.com,xoso.me,grid.id,cat.com,ashleyfurniture.com,ebay-kleinanzeigen.de,bild.de,naver.com
28,ilmeteo.it,wishenger.com,finance.yahoo.co.jp,weheartit.com,dictionary.com,idealista.com,carvana.com,petlove.com.br,nps.gov,urssaf.fr,google.de,dsw.com,laposte.fr,otnolatrnup.com,camonster.com,betman.co.kr,nps.gov,delish.com,tjk.org,dmkt-sp.jp,edfenergy.com,bbb.org,wildberries.ru,sozcu.com.tr,tiktok.com
29,chegg.com,zoosk.com,sberbank.ru,22pixx.xyz,spanishdict.com,immobilienscout24.de,mobilhdizle.com,news4wide.net,irctc.co.in,kariyer.net,t.me,fashionnova.com,nalog.ru,newtoki95.com,addirmits-conalty.com,sportskeeda.com,irctc.co.in,instacart.com,vivo.sx,nhk.or.jp,sunnyportal.com,ipaper.io,mercadolibre.com.ar,sina.cn,microsoft.com
30,khanacademy.org,kizlarsoruyor.com,mobiads.co.in,worthpoint.com,whitepages.com,suumo.jp,shop.advanceautoparts.com,dagelijkseverhalen.nl,mta.info,computrabajo.com.mx,messenger.com,mango.com,consultant.ru,metruyenchu.com,twinrdsrv.com,sofascore.com,mta.info,delishkitchen.tv,shop.bet9ja.com,kinopoisk.ru,solaredge.com,madeiramadeira.com.br,amazon.es,163.com,bing.com
31,weather.gov,binbaz.org.sa,fool.com,skillshare.com,mapquest.com,zoopla.co.uk,kia.com,hint-pot.jp,rzd.ru,greenhouse.io,apple.com,boohoo.com,fazenda.gov.br,ea.com,pornhubpremium.com,mundodeportivo.com,rzd.ru,oceans-nadia.com,bet365.es,9gag.com,kepco.jp,consumerreports.org,tokopedia.com,infobae.com,qq.com
32,gdz.ru,joyclub.de,td.com,ancestry.co.uk,wordhippo.com,17track.net,ford.com,topnews-24.com,thetrainline.com,appcast.io,wordpress.com,ciceksepeti.com,uscis.gov,kamigame.jp,trilema.com,sports.ru,thetrainline.com,thepowerrangers.com,bitcasino.io,hbomax.com,abb.com,hornbach.de,mercadolibre.com.mx,goo.ne.jp,mail.ru
33,padlet.com,greatergood.com,money.pl,23andme.com,wikiwiki.jp,hubspot.com,motor1.com,royalcanin.com,hurb.com,totaljobs.com,google.co.uk,baycrews.jp,cra-arc.gc.ca,nintendo.com,youjizz.com,gool.in.th,hurb.com,recruit.co.jp,skybet.com,screenrant.com,firstenergycorp.com,gardeningknowhow.com,market.yandex.ru,news.naver.com,roblox.com
34,seesaw.me,astrology.com,citi.com,recreation.gov,pagesjaunes.fr,wp.com,webmotors.com.br,petsathome.com,ryanair.com,dayforcehcm.com,github.com,shop.mango.com,va.gov,manatoki95.net,xnxx.tv,nfl.com,ryanair.com,gnavi.co.jp,lotterysambadresult.in,ytmp3.cc,fpl.com,leroymerlin.com.br,americanas.com.br,timesofindia.com,duckduckgo.com
35,analyticsapp.ru,bibliaonline.com.br,spectrum.net,geocaching.com,laposte.net,statista.com,auto.ria.com,diadona.id,bahn.de,51job.com,google.co.jp,farfetch.com,texas.gov,3dmgame.com,cityheaven.net,nba.com,bahn.de,mcdonalds.com,hollywoodbets.net,mangakakalot.com,zgny.com.cn,sikayetvar.com,shopee.co.id,tribunnews.com,microsoftonline.com
36,znanija.com,mamba.ru,bancoestado.cl,todocoleccion.net,maps.arcgis.com,funda.nl,carwale.com,wagwalking.com,enterprise.com,amazon.jobs,office365.com,adidas.com,cidadania.gov.br,jeuxvideo.com,doorblog.jp,futbol24.com,enterprise.com,just-eat.co.uk,topnewsfeeds.net,deviantart.com,nationalgridus.com,maisonsdumonde.com,olx.com.br,t-online.de,globo.com
37,harvard.edu,bibliaon.com,rakuten-card.co.jp,etsystatic.com,economia.uol.com.br,squareup.com,cardekho.com,deine-tierwelt.de,makemytrip.com,usajobs.gov,daum.net,puma.com,state.gov,youtubekids.com,txxx.com,dream11.com,makemytrip.com,jimdofree.com,22betpartners.com,vimeo.com,aceservices.com,castorama.fr,wayfair.com,detik.com,ebay.com
38,wunderground.com,bumble.com,trustpilot.com,500px.com,glosbe.com,chatwork.com,tesla.com,hillspet.com,travel.yandex.ru,occ.com.mx,fc2.com,bathandbodyworks.com,saglik.gov.tr,mbga.jp,rule34.xxx,ole.com.ar,travel.yandex.ru,sainsburys.co.uk,betway.com,genius.com,direct-energie.com,leroymerlin.es,shopping.yahoo.co.jp,wejianzhan.com,jerkmate.com
39,mit.edu,pcmax.jp,hdfcbank.com,thesprucecrafts.com,bab.la,homes.co.jp,oreillyauto.com,pethelpful.com,jetblue.com,lever.co,line.me,dafiti.com.br,nsw.gov.au,forgeofempires.com,nutaku.net,sport.es,jetblue.com,yourbump.com,hkjc.com,mediaset.it,enel.com,bobvila.com,sahibinden.com,washingtonpost.com,google.com.br
40,coursehero.com,lindaikejisblog.com,toyokeizai.net,yupoo.com,dicio.com.br,o-uccino.jp,av.by,apotheken-gesundheit.de,rome2rio.com,zhipin.com,google.fr,chloeting.com,claveunica.gob.cl,4channel.org,hqporner.com,betplay.com.co,rome2rio.com,retty.me,srvcraft.com,9anime.to,wm.com,uhaul.com,kakaku.com,turbopages.org,msn.com
41,byjus.com,gotquestions.org,poste.it,reserveamerica.com,linternaute.fr,immobiliare.it,edmunds.com,racenet.com.au,airbnb.fr,work.ua,google.it,harpersbazaar.com,service-public.fr,gamersky.com,sxyprn.com,diretta.it,airbnb.fr,jouer-style.jp,fdj.fr,pinimg.com,enel.com.br,paragonrels.com,tmall.com,sina.com.cn,fandom.com
42,timeanddate.com,cancaonova.com,rakuten-sec.co.jp,geni.com,linguee.com,cian.ru,bobaedream.co.kr,allaboutbirds.org,ihg.com,en-japan.com,tumblr.com,gu-global.com,mg.gov.br,wowhead.com,hanime.tv,nhl.com,ihg.com,woolworths.com.au,forebet.com,sky.com,embrapa.br,countryliving.com,mercari.com,livedoor.com,news.yahoo.co.jp
43,wordwall.net,vaticannews.va,sbisec.co.jp,smugmug.com,scielo.br,pochta.ru,kuruma-news.jp,therocketsscience.com,flightaware.com,doda.jp,auone.jp,hpplus.jp,rj.gov.br,inven.co.kr,anybunny.tv,bleacherreport.com,flightaware.com,kaufland.de,adfpoint.com,tenki.jp,wur.nl,sodimac.cl,alibaba.com,ndtv.com,bilibili.com
44,toppr.com,seeking.com,finviz.com,canon.com,beenverified.com,cybozu.com,justanswer.com,game-addicted.net,aaa.com,bamboohr.com,seznam.cz,ajio.com,ssa.gov,17qq.com,beeg.com,depor.com,aaa.com,thekitchn.com,parimatch.com,programme-tv.net,enel.it,bauhaus.info,olx.pl,lenta.ru,bbc.co.uk
45,academia.edu,ashleymadison.com,experian.com,postermywall.com,pons.com,medallia.com,exe.app,zone-turf.fr,tripadvisor.es,freejobalert.com,stackoverflow.com,zappos.com,ontario.ca,ruliweb.com,ixxx.com,strava.com,tripadvisor.es,tokubai.co.jp,p-world.co.jp,rezka.ag,obi.hu,toolstation.com,hepsiburada.com,repubblica.it,samsung.com
46,wetter.com,astrologyanswers.com,zerodha.com,picsart.com,leo.org,dhlglobalmail.com,dongchedi.com,zooplus.de,lyft.com,trovit.com,adobe.com,reserved.com,inps.it,jin115.com,freeindianporn.mobi,iplt20.com,lyft.com,opentable.com,optimizesrv.com,npr.org,landandfarm.com,therange.co.uk,amazon.com.br,cnbc.com,uol.com.br
47,theweathernetwork.com,fabguys.com,royalbank.com,nipic.com,significados.com,myhermes.co.uk,exist.ru,yourdressage.org,ulifestyle.com.hk,glassdoor.co.in,sogou.com,finishline.com,agenciatributaria.gob.es,minecraft.net,fullxxxvideos.net,hesgoal.com,ulifestyle.com.hk,toasttab.com,time4news.net,cuevana3.io,inchcalculator.com,homedepot.com.mx,wish.com,interia.pl,docomo.ne.jp
48,coursera.org,tabor.ru,onlinesbi.com,fujifilm.com,yellowpages.com,gemius.com,carid.com,equibase.com,tripadvisor.it,indeedassessments.com,mediafire.com,sportsdirect.com,wa.gov,point-ad-game.com,xhamster7.desi,kicker.de,tripadvisor.it,yemek.com,multicanais.com,cmoa.jp,buildertrend.net,which.co.uk,ozon.ru,milliyet.com.tr,ok.ru
49,3bmeteo.com,sortporn.com,schwab.com,bigpicture.ru,almaany.com,kmail-lists.com,autoscout24.de,discoveryplus.dk,travelocity.com,superjob.ru,google.co.in,cosme.net,admin.ch,nexusmods.com,brazzersnetwork.com,sportbox.ru,travelocity.com,pizzahut.com,thelott.com,rumble.com,ipros.jp,bhg.com,aliexpress.ru,ria.ru,weather.com
50,wiley.com,biblestudytools.com,coindesk.com,xitek.com,mapy.cz,cint.com,carsales.com.au,dogtime.com,traveloka.com,pracuj.pl,google.es,laredoute.fr,gov.hu,garena.com,gotporn.com,news.sportbox.ru,traveloka.com,russianfood.com,platincasino.com,hitmo.me,supplyhouse.com,joann.com,casasbahia.com.br,elpais.com,accuweather.com
