,rankranger
1,google.com
2,facebook.com
3,amazon.com
4,imdb.com
5,merriam-webster.com
6,apple.com
7,pinterest.com
8,dictionary.com
9,tripadvisor.com
10,yahoo.com
11,yelp.com
12,linkedin.com
13,britannica.com
14,microsoft.com
15,healthline.com
16,espn.com
17,weather.com
18,cambridge.org
19,craigslist.org
20,webmd.com
21,homedepot.com
22,cricbuzz.com
23,bbc.com
24,thefreedictionary.com
25,whatsapp.com
26,walmart.com
27,espncricinfo.com
28,wiktionary.org
29,thesaurus.com
30,netflix.com
31,ytmp3.cc
32,timeanddate.com
33,gsmarena.com
34,rottentomatoes.com
35,mayoclinic.org
36,livescore.com
37,xnxx.com
38,investopedia.com
39,indeed.com
40,indiatimes.com
41,bestbuy.com
42,spanishdict.com
43,ebay.com
44,dominos.com
45,pornhub.com
46,cdc.gov
47,xvideos.com
48,samsung.com
49,flashscore.com
50,thepiratebay.org
51,nih.gov
52,ndtv.com
53,about.google
54,cnn.com
55,unsplash.com
56,about.fb.com
57,speedtest.net
58,roblox.com
59,marketwatch.com
60,theguardian.com
61,steampowered.com
62,yourdictionary.com
63,cnet.com
64,techradar.com
65,playstation.com
66,blog.google
67,tiktok.com
68,adobe.com
69,mcdonalds.com
70,lowes.com
71,expedia.com
72,goodhousekeeping.com
73,booking.com
74,spotify.com
75,github.com
76,globo.com
77,premierleague.com
78,bloomberg.com
79,friv.com
80,twitch.tv
81,soundcloud.com
82,usnews.com
83,caranddriver.com
84,vocabulary.com
85,nba.com
86,xe.com
87,nordstrom.com
88,reverso.net
89,livesoccertv.com
90,nintendo.com
91,deepl.com
92,businessinsider.com
93,allrecipes.com
94,instructure.com
95,goodreads.com
96,wellsfargo.com
97,kayak.com
98,livescore.in
99,forbes.com
100,geology.com
